search,3443
one,3424
link,2797
article,2708
book,2690
looking,2559
look,2553
request,1953
articles,1793
sources,1665
information,1515
database,1419
research,1365
databases,1273
online,1222
email,1074
chat,1066
journal,1046
books,1023
problem,1022
finding,959
results,953
searching,950
source,922
today,892
interlibrary,847
paper,813
onesearch,786
available,782
title,779
primary,779
topic,771
specific,743
loan,707
copy,707
sorry,698
question,677
class,673
awesome,670
free,619
ut,617
website,611
send,596
different,596
anna,593
feel,584
services,577
contact,573
issue,563
tried,556
campus,556
questions,546
resources,532
open,529
account,526
academic,522
physical,510
working,481
guide,478
google,470
night,461
complete,461
student,452
public,430
desk,429
floor,417
second,414
sent,413
option,406
hodges,406
terms,406
scholarly,399
unfortunately,395
item,394
full,392
students,391
recommend,383
utk,382
citation,381
system,378
ask,377
english,377
particular,374
since,373
subject,372
specifically,370
long,366
text,366
name,361
new,361
librarian,359
due,359
university,354
list,354
room,354
history,354
scan,350
checked,346
date,339
writing,335
issues,334
possible,332
log,331
collections,329
science,322
download,317
listed,315
say,314
author,311
type,309
believe,308
milewski,308
correct,307
scholar,307
business,307
form,306
locate,305
sign,302
professor,302
general,302
forgy,301
wanted,299
education,299
netid,299
process,298
th,298
sounds,297
hours,296
links,295
end,294
journals,294
chapter,291
site,290
already,288
section,286
yeah,286
error,286
done,285
wanting,282
collection,280
course,277
assist,277
peer,277
call,276
study,275
department,272
reviewed,270
password,269
guest,268
pull,267
secondary,265
newspaper,264
pick,264
started,263
special,260
options,258
evening,258
project,258
looked,257
currently,256
bar,253
year,253
even,252
review,252
message,247
materials,246
many,245
print,243
record,242
via,241
top,241
read,241
main,241
days,241
said,241
american,241
double,240
quick,239
info,237
show,237
tomorrow,236
ebook,236
phone,228
reading,228
interested,228
newspapers,226
social,224
requested,224
hard,221
studies,220
version,220
browser,219
suggest,219
talk,218
reserve,218
web,215
libraries,214
hand,214
change,213
searches,213
computer,211
resource,211
related,210
years,209
school,209
renew,209
set,209
data,209
jennifer,207
ones,206
next,205
assignment,204
example,203
digital,203
searched,203
fill,203
published,202
usually,202
volume,202
located,202
worries,200
checking,200
